{
  "itterations": [
    {
      "title": "capacity",
      "startDate": "3/8/2019",
      "endDate": "2/9/2019"
    }
  ],
  "features": [
    {
      "id": "US2939",
      "name": "Submit - Continue To Change - part 2",
      "status": "incremental",
      "asignee": "Alex Shevchenko",
      "todo": 3,
      "taskEst": 10,
      "blocked": true
    },
    {
      "id": "US3168",
      "name": "Curabitur convallis. Duis consequat dui nec nisi volutpat eleifend. Donec ut dolor. Morbi vel lectus in quam fringilla rhoncus. Mauris enim leo, rhoncus sed, vestibulum sit amet, cursus id, turpis. Integer aliquet, massa id lobortis convallis, tortor risus dapibus augue, vel accumsan tellus nisi eu orci. Mauris lacinia sapien quis libero. Nullam sit amet turpis elementum ligula vehicula consequat. Morbi a ipsum.",
      "status": "transitional",
      "asignee": "Ofelia Plastow",
      "todo": 57,
      "taskEst": 15,
      "blocked": true
    },
    {
      "id": "US1808",
      "name": "Vivamus metus arcu, adipiscing molestie, hendrerit at, vulputate vitae, nisl. Aenean lectus. Pellentesque eget nunc. Donec quis orci eget orci vehicula condimentum. Curabitur in libero ut massa volutpat convallis. Morbi odio odio, elementum eu, interdum eu, tincidunt in, leo. Maecenas pulvinar lobortis est. Phasellus sit amet erat.",
      "status": "Multi-lateral",
      "asignee": "Allyn Ledgard",
      "todo": 32,
      "taskEst": 73,
      "blocked": false
    },
    {
      "id": "US1791",
      "name": "Proin at turpis a pede posuere nonummy. Integer non velit.",
      "status": "asymmetric",
      "asignee": "Sydney Pady",
      "todo": 36,
      "taskEst": 41,
      "blocked": true
    },
    {
      "id": "US2326",
      "name": "Phasellus sit amet erat. Nulla tempus. Vivamus in felis eu sapien cursus vestibulum. Proin eu mi. Nulla ac enim. In tempor, turpis nec euismod scelerisque, quam turpis adipiscing lorem, vitae mattis nibh ligula nec sem. Duis aliquam convallis nunc. Proin at turpis a pede posuere nonummy. Integer non velit.",
      "status": "Devolved",
      "asignee": "Broddy Pearse",
      "todo": 24,
      "taskEst": 10,
      "blocked": false
    },
    {
      "id": "US1982",
      "name": "Nunc rhoncus dui vel sem. Sed sagittis. Nam congue, risus semper porta volutpat, quam pede lobortis ligula, sit amet eleifend pede libero quis orci. Nullam molestie nibh in lectus.",
      "status": "analyzing",
      "asignee": "Farah Kempshall",
      "todo": 27,
      "taskEst": 54,
      "blocked": true
    },
    {
      "id": "US1444",
      "name": "Vestibulum rutrum rutrum neque. Aenean auctor gravida sem. Praesent id massa id nisl venenatis lacinia. Aenean sit amet justo. Morbi ut odio. Cras mi pede, malesuada in, imperdiet et, commodo vulputate, justo. In blandit ultrices enim. Lorem ipsum dolor sit amet, consectetuer adipiscing elit. Proin interdum mauris non ligula pellentesque ultrices.",
      "status": "incremental",
      "asignee": "Rosabella Simion",
      "todo": 73,
      "taskEst": 41,
      "blocked": false
    },
    {
      "id": "US709",
      "name": "Etiam pretium iaculis justo.",
      "status": "Triple-buffered",
      "asignee": "Maryl McPharlain",
      "todo": 63,
      "taskEst": 22,
      "blocked": false
    }
  ]
}