[
  {
    "issueId": 46521,
    "summary": "Duis aliquam convallis nunc. Proin at turpis a pede posuere nonummy. Integer non velit.\n\nDonec diam neque, vestibulum eget, vulputate ut, ultrices vel, augue. Vestibulum ante ipsum primis in faucibus orci luctus et ultrices posuere cubilia Curae; Donec pharetra, magna vestibulum aliquet ultrices, erat tortor sollicitudin mi, sit amet lobortis sapien sapien non mi. Integer ac neque.",
    "severity": "critical",
    "status": "bandwidth-monitored"
  },
  {
    "issueId": 33865,
    "summary": "Morbi non lectus. Aliquam sit amet diam in magna bibendum imperdiet. Nullam orci pede, venenatis non, sodales sed, tincidunt eu, felis.\n\nFusce posuere felis sed lacus. Morbi sem mauris, laoreet ut, rhoncus aliquet, pulvinar sed, nisl. Nunc rhoncus dui vel sem.",
    "severity": "motivating",
    "status": "model"
  },
  {
    "issueId": 72255,
    "summary": "Duis consequat dui nec nisi volutpat eleifend. Donec ut dolor. Morbi vel lectus in quam fringilla rhoncus.\n\nMauris enim leo, rhoncus sed, vestibulum sit amet, cursus id, turpis. Integer aliquet, massa id lobortis convallis, tortor risus dapibus augue, vel accumsan tellus nisi eu orci. Mauris lacinia sapien quis libero.\n\nNullam sit amet turpis elementum ligula vehicula consequat. Morbi a ipsum. Integer a nibh.",
    "severity": "framework",
    "status": "web-enabled"
  },
  {
    "issueId": 61805,
    "summary": "Quisque porta volutpat erat. Quisque erat eros, viverra eget, congue eget, semper rutrum, nulla. Nunc purus.\n\nPhasellus in felis. Donec semper sapien a libero. Nam dui.\n\nProin leo odio, porttitor id, consequat in, consequat ut, nulla. Sed accumsan felis. Ut at dolor quis odio consequat varius.",
    "severity": "Vision-oriented",
    "status": "Optional"
  },
  {
    "issueId": 36503,
    "summary": "In hac habitasse platea dictumst. Morbi vestibulum, velit id pretium iaculis, diam erat fermentum justo, nec condimentum neque sapien placerat ante. Nulla justo.\n\nAliquam quis turpis eget elit sodales scelerisque. Mauris sit amet eros. Suspendisse accumsan tortor quis turpis.\n\nSed ante. Vivamus tortor. Duis mattis egestas metus.",
    "severity": "Persistent",
    "status": "Graphic Interface"
  },
  {
    "issueId": 92857,
    "summary": "Fusce posuere felis sed lacus. Morbi sem mauris, laoreet ut, rhoncus aliquet, pulvinar sed, nisl. Nunc rhoncus dui vel sem.",
    "severity": "critical",
    "status": "bottom-line"
  },
  {
    "issueId": 17542,
    "summary": "Cras mi pede, malesuada in, imperdiet et, commodo vulputate, justo. In blandit ultrices enim. Lorem ipsum dolor sit amet, consectetuer adipiscing elit.\n\nProin interdum mauris non ligula pellentesque ultrices. Phasellus id sapien in sapien iaculis congue. Vivamus metus arcu, adipiscing molestie, hendrerit at, vulputate vitae, nisl.\n\nAenean lectus. Pellentesque eget nunc. Donec quis orci eget orci vehicula condimentum.",
    "severity": "new",
    "status": "Up-sized"
  },
  {
    "issueId": 77989,
    "summary": "Praesent id massa id nisl venenatis lacinia. Aenean sit amet justo. Morbi ut odio.",
    "severity": "local",
    "status": "Realigned"
  },
  {
    "issueId": 47236,
    "summary": "Proin leo odio, porttitor id, consequat in, consequat ut, nulla. Sed accumsan felis. Ut at dolor quis odio consequat varius.\n\nInteger ac leo. Pellentesque ultrices mattis odio. Donec vitae nisi.",
    "severity": "homogeneous",
    "status": "5th generation"
  },
  {
    "issueId": 79664,
    "summary": "In hac habitasse platea dictumst. Morbi vestibulum, velit id pretium iaculis, diam erat fermentum justo, nec condimentum neque sapien placerat ante. Nulla justo.\n\nAliquam quis turpis eget elit sodales scelerisque. Mauris sit amet eros. Suspendisse accumsan tortor quis turpis.\n\nSed ante. Vivamus tortor. Duis mattis egestas metus.",
    "severity": "customer loyalty",
    "status": "knowledge base"
  },
  {
    "issueId": 76959,
    "summary": "Lorem ipsum dolor sit amet, consectetuer adipiscing elit. Proin risus. Praesent lectus.\n\nVestibulum quam sapien, varius ut, blandit non, interdum in, ante. Vestibulum ante ipsum primis in faucibus orci luctus et ultrices posuere cubilia Curae; Duis faucibus accumsan odio. Curabitur convallis.\n\nDuis consequat dui nec nisi volutpat eleifend. Donec ut dolor. Morbi vel lectus in quam fringilla rhoncus.",
    "severity": "benchmark",
    "status": "intermediate"
  },
  {
    "issueId": 81683,
    "summary": "Praesent id massa id nisl venenatis lacinia. Aenean sit amet justo. Morbi ut odio.",
    "severity": "task-force",
    "status": "parallelism"
  },
  {
    "issueId": 24123,
    "summary": "Quisque porta volutpat erat. Quisque erat eros, viverra eget, congue eget, semper rutrum, nulla. Nunc purus.",
    "severity": "framework",
    "status": "bi-directional"
  },
  {
    "issueId": 37559,
    "summary": "Nullam porttitor lacus at turpis. Donec posuere metus vitae ipsum. Aliquam non mauris.",
    "severity": "Monitored",
    "status": "projection"
  },
  {
    "issueId": 51220,
    "summary": "Vestibulum quam sapien, varius ut, blandit non, interdum in, ante. Vestibulum ante ipsum primis in faucibus orci luctus et ultrices posuere cubilia Curae; Duis faucibus accumsan odio. Curabitur convallis.\n\nDuis consequat dui nec nisi volutpat eleifend. Donec ut dolor. Morbi vel lectus in quam fringilla rhoncus.\n\nMauris enim leo, rhoncus sed, vestibulum sit amet, cursus id, turpis. Integer aliquet, massa id lobortis convallis, tortor risus dapibus augue, vel accumsan tellus nisi eu orci. Mauris lacinia sapien quis libero.",
    "severity": "leading edge",
    "status": "intermediate"
  },
  {
    "issueId": 36534,
    "summary": "Integer tincidunt ante vel ipsum. Praesent blandit lacinia erat. Vestibulum sed magna at nunc commodo placerat.\n\nPraesent blandit. Nam nulla. Integer pede justo, lacinia eget, tincidunt eget, tempus vel, pede.",
    "severity": "Open-source",
    "status": "Horizontal"
  },
  {
    "issueId": 60246,
    "summary": "Curabitur in libero ut massa volutpat convallis. Morbi odio odio, elementum eu, interdum eu, tincidunt in, leo. Maecenas pulvinar lobortis est.",
    "severity": "groupware",
    "status": "motivating"
  },
  {
    "issueId": 39152,
    "summary": "Etiam vel augue. Vestibulum rutrum rutrum neque. Aenean auctor gravida sem.",
    "severity": "uniform",
    "status": "Fundamental"
  }
]